AGENTE;CLIENTE;PARCELA;VALOR ORIGINAL;;;;;;;;
Agente 1;Exemplo 1;dez/19;100.00;;;;;;;;
Agente 2;Exemplo 2;ago/19;200.00;;;;;;;;
Agente 3;Exemplo 3;ago/19;300.00;;;;;;;;
Agente 4;Exemplo 4;out/19;400.00;;;;;;;;
Agente 5;Exemplo 5;nov/19;500.00;;;;;;;;
Agente 6;Exemplo 6;jun/19;600.00;;;;;;;;
Agente 7;Exemplo 7;out/19;700.00;;;;;;;;
Agente 8;Exemplo 8;dez/19;800.00;;;;;;;;
Agente 9;Exemplo 9;nov/19;900.00;;;;;;;;
Agente 10;Exemplo 10;ago/19;1000.00;;;;;;;;
Agente 11;Exemplo 11;set/19;1100.00;;;;;;;;
Agente 12;Exemplo 12;jan/19;1,200.00;;;;;;;;
Agente 13;Exemplo 13;fev/19;1,300.00;;;;;;;;
Agente 14;Exemplo 14;mar/19;1,400.00;;;;;;;;
Agente 15;Exemplo 15;abr/19;1,500.00;;;;;;;;
Agente 16;Exemplo 16;mai/19;1,600.00;;;;;;;;
Agente 17;Exemplo 17;jun/19;1,700.00;;;;;;;;
Agente 18;Exemplo 18;jan/19;1800.00;;;;;;;;
Agente 19;Exemplo 19;set/19;1900.00;;;;;;;;
Agente 20;Exemplo 20;set/19;2000.00;;;;;;;;
Agente 21;Exemplo 21;mar/19;2100.00;;;;;;;;
Agente 22;Exemplo 22;mar/19;2200.00;;;;;;;;
Agente 23;Exemplo 23;abr/19;2300.00;;;;;;;;
Agente 24;Exemplo 24;mai/19;2400.00;;;;;;;;
Agente 25;Exemplo 25;jun/19;2500.00;;;;;;;;
Agente 26;Exemplo 26;jul/19;2600.00;;;;;;;;
Agente 27;Exemplo 27;ago/19;2700.00;;;;;;;;
Agente 28;Exemplo 28;set/19;2800.00;;;;;;;;
Agente 29;Exemplo 29;out/19;2900.00;;;;;;;;
